"","station","river","longitude","latitude","Yslopezyp","Yinterceptzyp","Ysigzyp","Yslopelm","Yintlm","Wslopezyp","Winterceptzyp","Wsigzyp","Wslopelm","Wintlm","Spslopezyp","Spinterceptzyp","Spsigzyp","Spslopelm","Spintlm","Sslopezyp","Sinterceptzyp","Ssigzyp","Sslopelm","Sintlm","Aslopezyp","Ainterceptzyp","Asigzyp","Aslopelm","Aintlm"
"1","TREIA","TREENE",9.317255,54.514342,0.00137131132075726,-1.67586905493336,0.518391728401184,0.001173677773371,-1.32265311321012,0.0045648816795839,-7.61777751686291,0.239976525306702,0.0041251602517942,-6.70573013204617,0.00255846550681039,-3.86362988496039,0.187315464019775,0.00273972791923535,-4.18295794501425,0.000691892333274985,-0.81656322746407,0.547855019569397,-9.69520221560955e-05,0.762559212210579,-0.00181095407435183,4.27294462690994,0.46749871969223,-0.00203736579037934,4.77126432871486
"2","REES","RHINE RIVER",6.395395,51.756918,0.00106572903946174,-1.11284607108648,0.56896436214447,0.00116051062752125,-1.29661533869205,0.00336719705195989,-5.63070702623351,0.0578153133392334,0.00276877360492748,-4.40899695377859,0.000388019322192071,0.451075472413746,0.946364402770996,0.000654735372845965,-0.103614609041427,0.0011344602406674,-1.29309697275736,0.650569677352905,0.00101164288547281,-1.01383639833981,0.00049945741110728,-0.248653901442817,0.812115669250488,0.00018872607811539,0.379920436011792
"3","DUESSELDORF","RHINE RIVER",6.770183,51.225547,0.0014176819061886,-1.81146540330827,0.481356024742126,0.00141573308660762,-1.80170216595787,0.00369763264162688,-6.32706518013643,0.0543539524078369,0.00317143975384492,-5.21625399696875,0.000720149671654238,-0.22238219226269,0.750162482261658,0.00105097732120862,-0.899196710657634,0.00120010892413358,-1.38100971365041,0.676611065864563,0.0012018908003485,-1.3727966674203,0.000539032813961926,-0.325893545588677,0.791312456130981,0.000224911285428863,0.311600264863565
"4","EBNET","DREISAM",7.898793,47.987783,0.00163885777136621,-2.26557662774875,0.304404735565186,0.00207013622146375,-3.09679096611303,0.00702907657922244,-12.7471345508539,0.032413125038147,0.00641457666871936,-11.4707757075092,0.00240015820679345,-3.44590079746659,0.453874230384827,0.00293907365018562,-4.39852769828555,-0.000219119139797707,1.23455519175485,0.805165648460388,-7.17285825316247e-05,0.985740155349148,-0.000987665223340886,2.45663215123923,0.593550205230713,-0.000976887006328998,2.45865237726531
"5","KOELN","RHINE RIVER",6.963293,50.936961,0.00134215775610471,-1.6585071236381,0.459298849105835,0.00137275259689671,-1.71664332504282,0.00365053865723224,-6.2279075903529,0.0500092506408691,0.00310348149707643,-5.08417288376982,0.000683200997292183,-0.16805389696714,0.79823112487793,0.000936031063389777,-0.675178195483307,0.00109314418495549,-1.18823827278203,0.593550205230713,0.00118910407720941,-1.34336955926923,0.000450856964475182,-0.144057414215829,0.79823112487793,0.000246330769908751,0.270955029165389
"6","KAUB","RHINE RIVER",7.764967,50.085444,0.001812843782421,-2.6020538727274,0.20758056640625,0.00196498274486132,-2.88867017279782,0.00400250696990223,-6.98578755620404,0.00966012477874756,0.00367017594736072,-6.3066159849909,0.00144708831768011,-1.76461846839735,0.3818199634552,0.00168492042116261,-2.23678375616303,0.00167135498919544,-2.21372083569698,0.357888221740723,0.00177761324963536,-2.40102173372378,0.000912124180960027,-0.977743349797644,0.556856632232666,0.000716779209992082,-0.590771286741067
"7","SCHWAIBACH","KINZIG",8.03256,48.391719,0.000519574736709657,-0.0456218218230072,0.932092547416687,0.000625677047201683,-0.238216022164202,0.00470558708167139,-8.07785753971221,0.17992901802063,0.00331152307104585,-5.21016954221504,-0.000667802307426125,2.61476034904793,0.917842507362366,0.000276887442821041,0.837157585247607,0.000626104835507029,-0.6097226789585,0.670062780380249,0.000320633566414654,0.0950450829302334,-0.0011169681582556,2.76294776127721,0.348585784435272,-0.00141704697167032,3.35874518431698
"8","WORMS","RHINE RIVER",8.376019,49.64112,0.000825950206727579,-0.661546820840211,0.481356024742126,0.00110217976630457,-1.18118474753827,0.00340952785109429,-5.86869875105879,0.0219192504882812,0.00277336400501301,-4.58031913497381,0.000837701465457365,-0.641726588641177,0.575065016746521,0.000989571832579913,-0.930299212718237,0.000479272587488967,0.219514650812415,0.716400384902954,0.000799102573328824,-0.393509890708144,-4.9701870403695e-05,0.992098079322962,0.924964547157288,-0.00015769290706547,1.18730130454348
"9","MAXAU","RHINE RIVER",8.305563,49.038985,0.000765516942039825,-0.530004097955494,0.593550205230713,0.00104833018008808,-1.07462427196297,0.0028848699789105,-4.8863726816111,0.0614578723907471,0.00224791412300394,-3.56925876957696,0.0013606086950695,-1.74337818299656,0.334923028945923,0.00149189218075791,-1.988175005082,0.000662335850043751,-0.109708352259697,0.763806700706482,0.00105892444047689,-0.864404890539575,-0.000404232016500708,1.74132547074291,0.556856691837311,-0.000592177725003686,2.0941925116236
"10","STEIN","KOCHER",9.287113,49.258277,0.00156526384231648,-2.07741018604712,0.308647751808167,0.00187094609360975,-2.70255850540686,0.00489165407435646,-8.48718754539101,0.103523969650269,0.00428299461053187,-7.17109567090298,-0.000120741473571803,1.73130287246828,0.819080352783203,-2.1156390267259e-05,1.55732048076163,0.001821458709616,-2.94673687924617,0.20758056640625,0.00183734417254893,-2.91937319107937,0.00138770523208403,-2.32286291652894,0.147446513175964,0.0013239687921748,-2.14496103073502
"11","GAILDORF","KOCHER",9.768198,49.001552,0.000513128006894142,0.00431016811275931,0.777524709701538,0.00108503535191948,-1.14724900608647,0.0053740841527715,-9.48238149825314,0.0707000494003296,0.00530664415093661,-9.18851528921612,-0.00093433710557253,3.3317262316084,0.982109487056732,-0.00086769256558813,3.19181729722991,0.000505307833012487,-0.363327153112126,0.670062780380249,0.000394402022822747,-0.0696510221323356,-8.51024695362309e-05,0.604847651112398,0.903618812561035,-0.000556586847853856,1.61785834796653
"12","LEUN NEU","LAHN",8.355248,50.545162,0.00175278265217301,-2.51120678677821,0.527148127555847,0.0015256663936523,-2.01923544778671,0.00683447934102901,-12.169963700024,0.174174189567566,0.00540363019964655,-9.21417873935555,9.63999952420543e-05,1.20817300736641,0.96065354347229,-0.000458685983176985,2.36615160573363,0.00142283367138807,-2.29683702556169,0.291909337043762,0.000601732896466502,-0.611129923646548,0.000892462235756776,-1.35135764723187,0.481356024742126,0.000485879597528195,-0.465703995374963
"13","GIESSEN","ARGEN",9.595917,47.627989,0.00194560945667024,-2.86358479261321,0.126180768013,0.00214845020953532,-3.2517774217201,0.00466305510249472,-8.26794763635202,0.0370274782180786,0.00436154332633674,-7.5940387427134,-0.000777024698527417,2.80451286737829,0.819080412387848,-0.000492807344644448,2.23328246209135,0.00176408446667633,-2.60386581279892,0.227652668952942,0.00181633620657798,-2.64998184180302,0.00259359941357127,-4.39557511843932,0.0779763460159302,0.00282169869868351,-4.82049990694939
"14","GERBERTSHAUS","SCHUSSEN",9.534877,47.672577,0.00294984929636854,-4.84878091425006,0.0627135038375854,0.00359910506528203,-6.12258879894179,0.00500555439355842,-8.86512137947494,0.0199310779571533,0.00527726834914467,-9.32147643466786,0.00241378676821124,-3.62127425947017,0.224214553833008,0.00284111160871556,-4.44049910069919,0.00283301638168313,-4.7572702648394,0.109355807304382,0.00432814991747891,-7.62609160544592,0.00228597942746919,-3.82578648942211,0.326008915901184,0.00192452488720661,-3.05557638898869
"15","BEUTELSAU","UNTERE ARGEN",9.81745,47.70835,0.000935320131825094,-0.837663098179404,0.679883241653442,0.00321095903007729,-5.35446061579898,0.00560096203017959,-10.161606690009,0.0279731750488281,0.00613584274336573,-11.149092199443,-0.000479245623112953,2.23791785387812,0.8365478515625,0.00105969831987883,-0.815683872398901,0.000738287499933559,-0.530000842492586,0.716376781463623,0.00278151038364553,-4.55202325526646,0.00218662179758909,-3.56914979232976,0.249029636383057,0.00279487006207866,-4.75687397755493
"16","UHLDINGEN","SEEFELDER AACH",9.24493,47.729498,0.00166507049257439,-2.30165260659834,0.406708836555481,0.00228645269035129,-3.5248414881388,0.00342570308842612,-5.70045405708062,0.121796488761902,0.0032328298503136,-5.27402036623439,0.00114129928691151,-1.07509468947447,0.509719371795654,0.00142782228719775,-1.60259791098222,0.00258813876145698,-4.28750542887807,0.17992901802063,0.00410235185880353,-7.20472594928955,0.000422169436729982,-0.0949914748383992,0.670062780380249,0.000355157437971406,0.0375749094159828
"17","HAUSEN","ZABER",9.24,49.19,-0.000210368774510119,1.36227234538715,0.889425873756409,-0.000132757791747755,1.26274586750069,0.00210484513354476,-3.17200363590899,0.25277304649353,0.00173899176390445,-2.38058372536479,-0.000106630343150668,1.49193396632772,0.819080352783203,-0.000340438340894428,2.00650695730898,-0.00145908187992926,3.77564817970646,0.503977656364441,-0.000911091186535636,2.72715704363137,-0.000444483254689763,1.52309717044865,0.967803120613098,-0.0010218450347869,2.71661938167513
"18","TAUBERBISCHOFSHEIM","TAUBER",9.665742,49.625874,0.00702141641508201,-12.8820848285198,0.017668604850769,0.00681463539697508,-12.4861203273615,0.00910332215777367,-17.0976224730485,0.00154364109039307,0.00919546990240923,-17.1067741672205,0.00997523971466971,-18.2688889214769,0.0206561088562012,0.00971457063763611,-17.6636628565616,0.00620327726339772,-11.5116245642387,0.00285971164703369,0.00579987837567721,-10.6346288498399,0.0032490275031142,-6.00485304567117,0.027660608291626,0.00263981198354633,-4.72110654429511
"19","BAD MERGENTHEIM","TAUBER",9.773611,49.4925,0.00346284041996458,-5.81247443793296,0.132986545562744,0.00351480249812072,-5.95574891670663,0.00654850703111965,-12.0104961913595,0.0160238742828369,0.00700145415923309,-12.7149600321873,0.00366263846437817,-5.66459090745903,0.339438438415527,0.0047216993550668,-7.70450819108555,0.00235233744529045,-3.97580751693081,0.0979419946670532,0.00230595439786513,-3.79271465043165,0.000323574677476702,-0.256594533302688,0.861150741577148,6.54687434631174e-05,0.331209232452142
"20","PETTSTADT","REGNITZ",10.941275,49.834192,0.00544516767581838,-9.76145016047518,0.0040428638458252,0.00586269365723785,-10.6022512439206,0.00743189527798764,-13.7239994800177,0.000621795654296875,0.00755837877225162,-13.8463314068077,0.00331975583179361,-5.28799380662039,0.188824534416199,0.00430855076003478,-7.19101111965283,0.00573229240971277,-10.5214113042871,4.39882278442383e-05,0.00611005422028144,-11.2482117309073,0.00521504639704699,-9.62597857482545,2.53915786743164e-05,0.00542647412088192,-10.0355704744927
"21","UNTERLANGENSTADT","RODACH",11.226675,50.181522,-0.000159566950119876,1.33684927033165,0.96065354347229,-6.22114263090292e-05,1.12313151787641,0.00579621912954621,-10.0167398784074,0.0666083097457886,0.00560631928627676,-9.61871092021985,-0.00309501474189546,7.6582206049731,0.416929423809052,-0.00304977144325532,7.58925662634332,-0.0027424832751713,5.90744226182956,0.0510672181844711,-0.00229291679608783,5.08137823243353,-0.00076219359065113,1.86809795186228,0.575065016746521,-0.000608668892635796,1.65339950097285
"22","RIEDERICH","ERMS",9.266819,48.559907,0.0028940230723553,-4.76518845390844,0.0219192504882812,0.00330616099808687,-5.54285131026532,0.00474050274585283,-8.46085881342616,0.0289528369903564,0.00469239990954978,-8.31088604646071,0.00362343023164051,-5.90606990219779,0.0749958753585815,0.00406092196892178,-6.70447417489618,0.0035376596670415,-6.02896376904488,0.0489698648452759,0.00352393656083123,-5.94094345102961,0.000716363375743621,-0.777689142964478,0.599771738052368,0.000965579528666255,-1.24966842384934
"23","WANNWEIL","ECHAZ",9.151828,48.51144,0.00497381539057814,-8.88543101893885,0.000402331352233887,0.00499141640556259,-8.87797897376063,0.00616265967162152,-11.2783868832721,0.00465559959411621,0.00634201870411423,-11.5645185012672,0.00330005597099768,-5.29427793761591,0.105439782142639,0.00326946537625386,-5.14338226668321,0.00525255937031424,-9.42348888964067,0.00330781936645508,0.00596772965311881,-10.7617407802668,0.00354275275695095,-6.45323779083831,0.000686168670654297,0.00433303987515341,-7.94036849041445
"24","RANGENDINGEN","STARZEL",8.886825,48.380713,-0.000845177120656288,2.63030543053223,0.743369221687317,-0.00112757927125938,3.23152069986927,0.00108756709015577,-1.12967488890923,0.689780712127686,-0.00115351273867209,3.41125427323657,-0.00349103901684148,8.21041711895174,0.357888162136078,-0.00475228541930138,10.8288036862572,0.00115547134011239,-1.40087508395337,0.703045010566711,0.000455252944422491,0.0573660936383864,0.00108298442693061,-1.74508890631549,0.362597465515137,0.000829809110580023,-1.13681990450749
"25","PLOCHINGEN","NECKAR",9.419,48.707,0.00216945659148412,-3.3098975716393,0.241780281066895,0.00271355079987151,-4.37007122338733,0.00651236727424836,-11.8656114558478,0.032413125038147,0.00544819953597449,-9.66070486905492,0.000163694632592757,1.03789530415494,0.826059460639954,-8.62156819349749e-05,1.58968271684791,0.0035855258447965,-6.28373885952902,0.0449916124343872,0.00325243495283884,-5.53885327824425,0.00239671874166948,-4.21954826373218,0.0489698648452759,0.00215414262322595,-3.69372184166333
"26","ROTTWEIL","NECKAR",8.618248,48.168228,0.00258070399435624,-4.13977278179925,0.144956350326538,0.00268290226409907,-4.30941928997889,0.00720561688675109,-13.1591845422499,0.0240777730941772,0.00577798996768426,-10.2242289218263,0.00124991908394542,-1.08850019727146,0.644123792648315,0.00137619418728239,-1.26302681144848,0.00289778483940399,-5.01445095007237,0.0639902353286743,0.00275486956070667,-4.64993789711295,0.000770641134244513,-1.05039404177374,0.38672149181366,0.000783626190201109,-1.01443276079079
"27","GUTACH ELZ","ELZ",7.990062,48.119069,0.00220794320612141,-3.40742462033394,0.291909337043762,0.00227738376316362,-3.50695378478638,0.00663363057970345,-11.9510925936322,0.0412894487380981,0.00626334286229703,-11.1256389485567,0.00099104667446404,-0.695132166218729,0.689780712127686,0.00128405204888603,-1.20150321685325,0.000604903808297667,-0.429924681730199,0.917842507362366,0.00102681613984551,-1.22428358943327,0.000925493794656195,-1.31832619707703,0.575065016746521,0.000506896063132648,-0.412726028601922
"28","PFORZHEIM","WURM",8.698923,48.884361,0.00634866662067946,-11.6056207786721,0.0354307889938354,0.0067777519576783,-12.4131478946747,0.00844649655445918,-15.8254692433335,0.00203132629394531,0.00839739811584363,-15.6530401210512,0.0061121693261977,-10.8231461016142,0.0391072034835815,0.00533233788394766,-9.21419860570095,0.00752278761387488,-13.9734559016632,0.00741827487945557,0.00781636721944235,-14.4446538736934,0.00525475887262427,-9.77895454468378,0.000423312187194824,0.00552110395873645,-10.2623980134155
"29","PFORZHEIM","ENZ",8.729503,48.897062,0.00285058378979142,-4.66163434929395,0.376956701278687,0.00311613067415225,-5.1668022189542,0.00831305771488595,-15.366290908651,0.016421914100647,0.00685507671140106,-12.4126815893967,0.00230910914767962,-3.21839035567456,0.631312608718872,0.00251808757628922,-3.5097391110665,0.000863768180223434,-0.960323995984708,0.676611065864563,0.0010248196814496,-1.1795759359127,0.00156795225529397,-2.57616719296041,0.227652668952942,0.00204983361363662,-3.52360771376495
"30","ALTENSTEIG","NAGOLD",8.603951,48.586485,-0.000866223540254735,2.675262420837,0.812115609645844,-0.000240251320311153,1.47547907824451,0.00489331631932453,-8.46222271344719,0.185824036598206,0.00247074927116625,-3.54771676049285,-0.00243456894368444,6.23189842775633,0.509719431400299,-0.0021114186022738,5.63822864375439,-0.000786550121650588,2.18442091914297,0.612302660942078,-0.00100209590575004,2.6523615270174,-8.65944686242339e-05,0.667683217329178,0.974955320358276,-0.00037657475614196,1.29165927651381
"31","OPPENWEILER","MURR",9.458716,48.984121,0.000437054808400525,0.129482256757875,0.644123792648315,0.000795665871918244,-0.574584787330125,0.00242341878990159,-3.74302130808493,0.275791883468628,0.00307544780083656,-4.83970984074203,7.17761919029765e-05,1.20192843169533,0.854108095169067,-0.000221793540233292,1.8377179944542,0.0014139398782991,-2.07715320285931,0.24540650844574,0.00107774281659982,-1.33505441760574,-0.000142060630341463,0.757799702999925,0.946364462375641,-0.000777352034451201,2.10696430904213
"32","MITTELROT","FICHTENBERGER ROT",9.740556,48.985379,0.00218070833783341,-3.31243028460505,0.185824036598206,0.00258776429682186,-4.12115197685439,0.00582827291919317,-10.3905767231747,0.0510672330856323,0.00522081809828196,-8.98835516860276,0.00394024190461316,-6.35265070743448,0.194932460784912,0.00342100293573991,-5.30949426062623,0.00180881778552734,-2.94182912338924,0.25277304649353,0.00176266893792515,-2.78348465278024,0.000340717833570808,-0.257057453494992,0.696401357650757,-3.47270712508776e-05,0.56829563582955
"33","UNTERGRIESHEIM","JAGST",9.219941,49.268549,0.00137241881692307,-1.66657906303164,0.437819242477417,0.00186779246197782,-2.69631366078398,0.00516086750293486,-9.07819903726113,0.0749958753585815,0.00470675603834507,-8.0664938413967,0.000633276355209589,0.288807752791668,0.763806700706482,0.000653008711047379,0.292757621221688,0.00168675645337188,-2.68236354177704,0.220813751220703,0.00146004422236527,-2.16692191552666,0.000951277045613327,-1.49734531156271,0.38672149181366,0.000612651131066998,-0.753325868087685
"34","NEUSTADT","REMS",9.315816,48.84736,0.00351493258388252,-5.9938305514832,0.0764741897583008,0.00349375383301451,-5.91409250098005,0.0069205196978608,-12.6009854049278,0.00722193717956543,0.00705540780828327,-12.7922684583811,0.0012618879674885,-1.24265331275043,0.562894821166992,0.00160816877263475,-1.89907844061598,0.00330828272690317,-5.70900664056693,0.0449916124343872,0.0032429284907385,-5.5342154058356,0.00235327562095135,-4.08379548699001,0.0826272964477539,0.00201367442325669,-3.3207851333525
"35","BAD ROTENFELS","MURG",8.297143,48.818715,0.000392962314177943,0.224278073049174,0.875268459320068,0.00113700081361909,-1.25013176696069,0.00616796936894447,-10.9328661201055,0.0449916124343872,0.00539059453802435,-9.36698692443614,-1.18564035269668e-05,1.37881945190861,0.917842507362366,0.000948240084597584,-0.509086208307704,-0.00144596220042132,3.55036428420085,0.422096014022827,-0.00114387669443839,3.01955606769849,-0.000919447050717453,2.37661988240117,0.562894821166992,-0.000652784643998402,1.87949009361661
"36","GUTACH GUTACH","GUTACH",8.212933,48.24,-0.00132446916805886,3.63190135561082,0.553834855556488,-0.00186884343067635,4.69843736958548,0.00165070358417934,-1.99010166806633,0.634492754936218,0.00110938996469677,-0.855923763309933,-0.00442844638290035,10.1484001255555,0.332662045955658,-0.00425788817203556,9.83364163908334,-0.00139608989985221,3.429940983242,0.435158610343933,-0.00161917257200337,3.92198521384868,-0.00273382492782164,5.89926498330536,0.120705507695675,-0.00278266441722921,6.06326466150039
"37","OBERWOLFACH","WOLFACH",8.217126,48.317024,-0.00265097916899236,6.25032978820085,0.074995830655098,-0.00226619980721591,5.48481132736208,0.00136009910682845,-1.36869240527944,0.637704730033875,0.00129144015352244,-1.15500518053882,-0.00296745748018186,7.21056478109688,0.406708836555481,-0.00288775070673179,7.08458320849395,-0.00315224278971015,6.84573147154446,0.090876430273056,-0.00324286419281644,7.1032146212992,-0.00387278848556187,8.21053256568623,0.00161680858582258,-0.00424385228767619,8.96397201526611
"38","ZELL","WIESE",7.845408,47.699494,0.000799538942852029,-0.521860058557285,0.618611216545105,0.00202325571742411,-3.00404126655682,0.00588738570033107,-10.4428801357121,0.0764741897583008,0.00542505722372476,-9.43088727715284,0.000848775503143771,-0.315088903749343,0.679891347885132,0.00243900628117972,-3.41572998279455,0.00048884917100229,-0.224959522630328,0.736595988273621,0.00114014047206936,-1.50095614697882,-0.000654636429377028,1.82635578630077,0.612302660942078,-0.000900263711706074,2.31955694783157
"39","KEMMERN","MAIN",10.873488,49.951163,0.00419111385650879,-7.23401628385046,0.0560532808303833,0.00555425410285478,-9.99182671443084,0.0124382772695479,-23.3215928400259,0.00116562843322754,0.0118679822553089,-22.1466366248082,0.00597058624934173,-10.3414451425192,0.23639440536499,0.00659021292387224,-11.5209188578199,0.000721550985859576,-0.849240004029812,0.399124979972839,0.00182077958007613,-2.95521743510459,0.00149136234506733,-2.5025962625591,0.262178659439087,0.00196632355858169,-3.39510225525476
"40","BAYREUTH","ROTER MAIN",11.578935,49.947823,0.00395602495933541,-6.82779777819516,0.147446513175964,0.00396933333584073,-6.85528143826249,0.0106441506815946,-19.8580384812723,0.00465559959411621,0.0100655738331177,-18.6167417896866,0.00274227471140681,-3.8752348235406,0.562894821166992,0.00293550594446921,-4.31019561470584,0.000415689523835958,-0.225780153330101,0.593550205230713,0.00092948207921537,-1.14505937624263,0.00126353876109348,-2.04628484367226,0.271859169006348,0.00191055041211784,-3.26826573590648
"41","RASCH","SCHWARZACH",11.38,49.366979,0.00355730744094455,-6.08344740811987,0.0578153133392334,0.00426898582826255,-7.44832905232289,0.00721955780491916,-13.1364234909202,0.020412802696228,0.0082801477980987,-15.1515771181083,0.0033108321146472,-5.18124404395365,0.231128215789795,0.00420595347561742,-6.89581183899399,0.00285469493176901,-4.99666998581885,0.0842267274856567,0.00244668432039224,-4.08379285788511,0.00244622737090021,-4.37171071277235,0.0338932275772095,0.00213769640323536,-3.64740738325483
"42","COCHEM","MOSELLE RIVER",7.168276,50.143351,0.00224160479338594,-3.48318071648883,0.401654958724976,0.00223491651035423,-3.42285771407817,0.00600542050420233,-10.5490942925409,0.14249861240387,0.00515272615630638,-8.71599208455928,0.00176364876686986,-2.07543147392116,0.599771738052368,0.00231899150305767,-3.10899571477084,0.000487545918778077,-0.429565908689071,0.650569677352905,0.00122926340836928,-1.83438967337905,0.000124765746563865,0.138282547409527,0.861150741577148,0.000232893917377057,-0.00976788263795987
"43","TRIER UP","MOSELLE RIVER",6.626853,49.732189,0.00199476037808299,-2.98033350940088,0.406708836555481,0.00247498232414553,-3.89793633161174,0.00622154466251485,-11.0123608497384,0.16038990020752,0.00541520973214667,-9.22338569969947,0.0016722058479482,-1.8430899278553,0.670062780380249,0.00257527022388732,-3.62786225726397,0.000343072297488577,-0.161286835809697,0.756975173950195,0.00139718613179141,-2.16856083395377,0.000444915374868337,-0.485534799928305,0.70971155166626,0.000504968031301587,-0.54771466708193
"44","INTSCHEDE","WESER",9.125,52.964,-0.000966580641116793,2.88086024776384,0.847077190876007,-0.000800293920150158,2.58383652673386,0.000609657035802339,-0.141683189263107,0.670062780380249,0.00105253442447751,-0.877802816672838,-0.00200521138745138,5.4171755351875,0.618611216545105,-0.00156481160147621,4.56447623894126,-0.00138790171442203,3.42788862157599,0.217450141906738,-0.00188843231265045,4.49657753656131,-0.000992989566091856,2.48031948915613,0.308647751808167,-0.00083237487963098,2.23359838280957
"45","EISENACH-PETERSBERG","HORSEL",10.315221,50.980701,-0.00289917717825106,6.72775561686234,0.191860646009445,-0.00296172705800406,6.86129132206823,-0.000124895372217984,1.43150641405868,0.756975173950195,-1.54373073179899e-05,1.28561754182991,-0.00540826890832228,12.1877317145943,0.252773106098175,-0.00481425022863898,11.0933412093979,-0.00215720801960493,4.8788032240689,0.26410961151123,-0.00415734027585004,8.95326504179773,-0.00195505091604005,4.20479278046677,0.0810526087880135,-0.00292755547865707,6.27567216804096
"46","ELLINGSHAUSEN","HASEL",10.475647,50.545566,-0.000415023985290438,1.79011261109855,0.982109487056732,-0.000361215649073393,1.71487157786622,0.00318747675484569,-5.13566718262731,0.185824036598206,0.00334884797128541,-5.42284997398365,-0.0010329315950108,3.49801667498164,0.683183789253235,-0.00066228138651089,2.80509623580266,-0.00236827019793974,5.35887289094129,0.142498642206192,-0.00248157643586961,5.67681120153254,-0.00146466518480979,3.38181126013977,0.152524635195732,-0.00166183645652787,3.8438275636457
"47","MEININGEN","WERRA",10.417231,50.570435,0.000812307527460304,-0.613050752373834,0.723111033439636,0.00168932077011001,-2.34314961781861,0.00736398670957987,-13.3163518677284,0.0118693113327026,0.00695112429605997,-12.4777391836366,0.000382416572033092,0.78521021004057,0.847077190876007,0.00057353995144279,0.38624900181598,-0.000840989506861504,2.24832733504587,0.538933873176575,-0.000703295936921155,2.08453796021014,-0.000336050925141395,1.12702010580765,0.946364462375641,-0.000101320170907885,0.723995460741153
"48","RHEINE UNTERSCHLEUSE","EMS RIVER",7.434,52.288,-6.77400254312713e-05,1.11341289318594,0.875268459320068,0.000343328349957524,0.32060535512735,0.0013834332006595,-1.28099893236803,0.533024549484253,0.00249072058087927,-3.42393386491787,-6.41282271202169e-05,1.57613149234532,0.924964547157288,-0.000518418212207494,2.48959697698958,-0.00028434973517774,1.04854600522383,0.750162482261658,-0.000446160601815078,1.42495530477855,1.47767834414908e-05,0.354668437040131,0.833052396774292,-0.000196164233523771,0.892945855222955
"49","HERZLAKE","HASE",7.602417,52.682624,0.000296079550570278,0.388375923363786,0.882342457771301,0.000530328307428254,-0.0494729567747174,8.33569959876921e-05,1.12229372909557,0.910727024078369,0.000806221314148047,-0.185874153899054,0.00102531831861769,-0.713284162517543,0.716400384902954,0.00079263172553215,-0.141235273493848,8.7487476482841e-05,0.409358268923339,0.932092547416687,0.000193597358474896,0.234557870507719,0.000793267712304696,-1.08766972338082,0.475788235664368,0.00032061622420984,-0.077311719069222
"50","NEU DARCHAU","ELBE RIVER",10.88881,53.232275,-3.65908073318505e-05,1.04043741252686,0.875268459320068,-0.000246732716224944,1.4883388354763,0.00170245668244237,-2.4264725718281,0.198040246963501,0.00213456025517667,-3.20737486257015,-0.00110004997620343,3.66875934549031,0.784410059452057,-0.000864879571442273,3.17234527965591,-0.00309516519257922,6.9122621595972,0.0578152537345886,-0.00280732258477082,6.4459974328574,-7.12261043970292e-05,0.746000883220401,0.932092547416687,0.00052782241578403,-0.395515166418477
"51","DRESDEN","ELBE RIVER",13.738539,51.059736,0.000244992945522859,0.486534554852413,0.736595988273621,0.000447233916917578,0.114966433890353,0.00275206261258644,-4.55578075963597,0.105439782142639,0.00311509546154579,-5.18971540153482,-0.001970300439757,5.3346999204293,0.763806700706482,-0.0013269671469247,4.10837997686591,-0.00235844917473268,5.46470293985101,0.204364120960236,-0.00178062811201014,4.42366815394935,0.000813410470724121,-0.979684295029167,0.689780712127686,0.00172311053957629,-2.75141227329623
"52","LUTHERSTADT WITTENBERG","ELBE RIVER",12.646719,51.861817,0.000320676711880605,0.333107751204572,0.784409999847412,0.000486348186481416,0.0375625363149423,0.00207163883362756,-3.22172273595901,0.163078665733337,0.0027272842463811,-4.41325449746293,-0.00127652362064226,3.96688514582794,0.777524709701538,-0.00063360734931402,2.71453689778406,-0.00202361675512527,4.80543605672044,0.24178022146225,-0.00161948860538477,4.11128392335957,0.000476300184676901,-0.325547896992555,0.861150741577148,0.0014326996253236,-2.17168192309674
"53","BARBY","ELBE RIVER",11.882563,51.990129,-0.000480670798119737,1.96805256669963,0.939226031303406,-0.000460865666348075,1.91210262948516,0.00190609004429053,-2.86956018832588,0.217450141906738,0.00226023795400291,-3.46380185024562,-0.00246991383757738,6.29829146250448,0.538933873176575,-0.00214160708123354,5.70803028379841,-0.00326055511695191,7.24131101906894,0.0510672181844711,-0.00263490244640811,6.10156198444288,-8.20255907147332e-05,0.763256711161873,0.953507125377655,0.000618680772163603,-0.572217033622948
"54","WITTENBERGE","ELBE RIVER",11.759765,52.990829,-0.000130848154203896,1.22880551882082,0.910727024078369,-0.000318209752041403,1.62978757656862,0.0019118666942822,-2.8580470305934,0.191860675811768,0.00218181840604423,-3.30027098884529,-0.00137418541027338,4.18823049778451,0.606022715568542,-0.0011628518163817,3.7660746451208,-0.00317889889020116,7.07508419223751,0.074995830655098,-0.0028262420608226,6.47998953633291,-0.000166123350967808,0.924775518191679,0.889425873756409,0.000504977696535263,-0.351097706929695
"55","TANGERMUENDE","ELBE RIVER",11.978396,52.546603,-0.000341109182326715,1.68038880577493,0.989265143871307,-0.000430816271243757,1.85263567935871,0.00192232726302071,-2.91254917323551,0.217450141906738,0.0022917088246908,-3.52984705438735,-0.00227634650085132,5.9677994487674,0.492597222328186,-0.00198839013409465,5.40581887840168,-0.00318173181216387,7.10853005427409,0.0578152537345886,-0.00268213403561736,6.20161172508723,-0.000151589996155962,0.896345007261059,0.847077190876007,0.000606101698947381,-0.551204121866106
"56","AKEN","ELBE RIVER",12.059195,51.86316,-0.000165187104156552,1.31041143275397,0.946364402770996,-0.000152870728187471,1.30257757218984,0.00194502362644537,-2.94371181674909,0.182858943939209,0.00253206216377468,-4.02064767423774,-0.00177286745652954,4.94497832654431,0.663539528846741,-0.00168087582911037,4.79393137832922,-0.00290705322737446,6.55141728298226,0.074995830655098,-0.0024651782784762,5.77816144864852,0.000197697640313414,0.224445448668994,0.989265143871307,0.000952684112865218,-1.22555584391972
"57","MAGDEBURG-STROMBRUECKE","ELBE RIVER",11.644,52.135,-0.000448283699363348,1.89267008959828,0.982109546661377,-0.000452822857260785,1.89618712174318,0.00178741043125629,-2.63803840290521,0.234641075134277,0.00219624470337893,-3.34789107632774,-0.002001293675924,5.40306355178586,0.56896436214447,-0.00196083964324342,5.35057639494489,-0.00308627088287548,6.91467442123201,0.0795023813843727,-0.00262750710276965,6.09589368365577,-9.18462762317198e-05,0.782599408171855,0.833052337169647,0.000532057561643444,-0.399394734874841
"58","TORGAU","ELBE RIVER",13.010575,51.558968,0.000117756180559883,0.729519885735069,0.847077131271362,0.000339191765686586,0.328783494043912,0.00254478307498713,-4.15982238550419,0.101635813713074,0.00279443148635408,-4.55941303112599,-0.00181149265502884,5.02999718634916,0.750162482261658,-0.00131786960386883,4.0798777438518,-0.00239677010054303,5.54878360030699,0.194932505488396,-0.00179939485451824,4.47298893803341,0.000717615800219286,-0.812189449894498,0.663539528846741,0.00162531780663712,-2.55546532844565
"59","CALBE-GRIZEHNE","SAALE",11.81252,51.921707,-0.000315589344349747,1.5821356468661,0.875268459320068,-0.000137062119060066,1.27131248465468,0.00236991418074667,-3.72836642030955,0.119649410247803,0.00314094226545646,-5.13966559401161,-0.00245878492228309,6.35097168065774,0.637704730033875,-0.00179665486494376,4.99425825080185,-0.00210841600978787,4.91742708144186,0.132986515760422,-0.00230850995815877,5.42864568269867,-4.94681577421768e-05,0.675956267816874,0.833052337169647,0.000362703007526696,-0.0757145863023879
"60","HOF","SAALE",11.914542,50.323928,-0.00108812742000113,3.17347698225018,0.750162482261658,-0.00139209435631143,3.75499206824507,0.00263656788636441,-4.12829047327994,0.256513714790344,0.00346405023257142,-5.64644805849895,-0.00508265279344937,11.5781139786545,0.23112815618515,-0.0052511027534938,11.9218882124853,-0.00349490238797915,7.54011710301353,0.00916855782270432,-0.00352697869570961,7.70023232695526,0.000650045515172863,-0.814627814675271,0.562894821166992,-0.000376112852994714,1.31001890120621
"61","DOHNA","MUGLITZ",13.853698,50.953832,-0.00277450159164174,6.48651958292597,0.096135713160038,-0.0022812575934929,5.51461044131928,-0.00691352075322156,14.5333875619627,0.0421899110078812,-0.00514355723475625,11.1462322971111,-0.00775306330636395,16.9146224246346,0.0148802855983377,-0.0064084461468393,14.2752839468174,0.000103325361603328,0.527448817803136,0.917842507362366,0.000811095236656734,-0.683961743275768,-0.000643981257372606,1.67105268346741,0.875268399715424,0.00149224775375622,-2.41303286260208
"62","ELBERSDORF","WESENITZ",13.993832,51.022092,0.000463154926368835,0.020883443471975,0.689780712127686,0.000430892550450045,0.147301344322656,0.00221969617823034,-3.42541660634347,0.227652668952942,0.00220730345695238,-3.25859275070809,0.000323596816296091,0.61411461791231,0.924964547157288,-0.000655243163634764,2.64117124900006,-0.00141825655954042,3.573506788951,0.509719431400299,-0.00137215453859659,3.56738556880485,0.000648347383507742,-0.65556233600696,0.79823112487793,0.00150613982265622,-2.27576905800437
"63","GROSSDITTMANNSDORF","GROSSE RODER",13.77296,51.198328,0.00507807568908602,-9.08826931973931,0.0633466243743896,0.00609973712329426,-11.0713116771463,0.00819193791800296,-15.2057464633864,0.00589203834533691,0.00820000087450485,-15.0683499058781,0.00698184950263461,-12.5160489942898,0.0620803833007812,0.00730120442009338,-13.096265384545,0.00313854305797994,-5.50264902316394,0.116480946540833,0.00390813661857118,-6.91141690522213,0.0036031356227936,-6.63310834236665,0.0474424362182617,0.00501788950079841,-9.27084092737943
"64","KETZIN","HAVEL",12.845305,52.478085,-0.00629353849467745,13.3757549567615,0.0012614211300388,-0.00639763534572117,13.6609624410453,-0.00485190763115871,10.7015765460392,0.0370275229215622,-0.0044983921653214,10.0655603443488,-0.00661334871131606,14.3708948858515,0.0112785948440433,-0.00686006314005963,14.9506149771857,-0.00802281168703442,16.5863322225402,5.31044952367665e-06,-0.00840907069609544,17.4301826271255,-0.00691805678951493,14.3435242566877,0.000231346974032931,-0.0058398699075336,12.2629151107525
"65","WECHSELBURG 1","ZWICKAUER MULDE",12.77255,51.006826,-0.000263443451656375,1.55587629788223,0.840058445930481,-9.99156663850878e-06,1.01980192974461,0.00392781601235643,-6.81289027939782,0.027660608291626,0.00488415320707081,-8.67010891315848,-0.00157713085854227,4.42261486070215,0.631312608718872,-0.00150580600097691,4.36039913150989,-0.00463096826880343,9.98461444723395,0.0013852542033419,-0.00448743220252604,9.820021453481,6.40466700378205e-05,0.48522400383245,0.770656704902649,0.00102727096063751,-1.33220200954633
"66","ZWICKAU-POELBITZ","ZWICKAUER MULDE",12.493608,50.740902,-0.000179148154414774,1.34792065372598,0.939226031303406,0.000101580903139783,0.798994328434537,0.00459245146487498,-8.2381885845904,0.0354307889938354,0.00498899322944592,-8.9051925247789,-0.0028596369925536,7.05909605347515,0.339438438415527,-0.00284583787889264,7.08309325303123,-0.00499426331637102,10.6534353522364,0.0066608521156013,-0.00453604898163426,9.91973816726953,0.00132144400254704,-2.0538459074876,0.188824534416199,0.00271051483075671,-4.70820692528442
"67","GOERITZHAIN","CHEMNITZ",12.780036,50.980887,0.00187356351936382,-2.68513528155987,0.459298849105835,0.00183613509297677,-2.63368820915116,0.00625324865344374,-11.3066840042777,0.00648272037506104,0.00684164626067376,-12.4619667300272,0.00126365916365473,-1.20961072396948,0.696401357650757,0.000949921415446885,-0.506446251159757,-0.0040713801043538,8.82937260463848,0.0214066822081804,-0.00269431691393557,6.20499519558189,0.00107400121972688,-1.50663039105727,0.357888221740723,0.00222313974887779,-3.71305316497532
"68","AUE 1","SCHWARZWASSER",12.715356,50.59635,0.000733511696893017,-0.454041925167803,0.56896436214447,0.00123205843581728,-1.43822391132012,0.00660699341926342,-12.2289382856904,0.00104379653930664,0.00656821840944307,-12.0603946119155,-0.000578775477480995,2.5226443373704,0.847077190876007,-0.000182629749557366,1.83950836176318,-0.0051183673045164,10.9655076635275,0.00803601928055286,-0.00442957238117892,9.72007474739976,0.00166805526795521,-2.75600088959544,0.188824534416199,0.00292449752329203,-5.141812762144
"69","STRECKEWALDE","PRESSNITZ",13.07852,50.631093,-0.00759809715311273,16.0232929473183,0.000861462845932692,-0.00714757954427171,15.1450726176643,-0.000675816203880534,2.13178972108882,1,-0.00131190692673779,3.53744411211622,-0.0152159297000756,31.6158006152474,4.74653897981625e-05,-0.0147991590452869,30.8663912180117,-0.0105423958912666,21.6755116212378,1.99810056074057e-05,-0.0099754418796825,20.6868705006875,-0.00223490196555331,4.86533367320865,0.0826272889971733,-0.00273340812920527,5.98818230070764
"70","BOXBERG","SCHWARZER SCHOPS",14.574671,51.405506,0.024529598559378,-47.5879196148152,4.41074371337891e-06,0.0237381166551071,-45.9776555431529,0.024454921290872,-47.3020142188993,1.19209289550781e-07,0.0263543535693736,-51.0085240189844,0.0262831950817528,-51.0275605491707,2.38418579101562e-07,0.026207682992025,-50.7476317192331,0.0167508609575952,-32.563673701565,0,0.0183116233885505,-35.4960785084487,0.0222675313270086,-43.2435458370507,0,0.0241490330674219,-46.861857635664
"71","FRIDINGEN","BARA",8.87708,47.785485,0.00156857797413049,-2.10781940614673,0.453874230384827,0.00189713805702591,-2.75441595946318,0.00674671089159578,-12.3194809263493,0.0224424600601196,0.00580942927271202,-10.3918976864041,-0.000714507146504118,2.78749176456657,0.924964547157288,-0.00053971834537393,2.53233187987351,0.0030493505342724,-5.21810053778994,0.14007306098938,0.0023122616563024,-3.68517013427591,5.15175080432621e-06,0.498863419699756,0.763806700706482,-6.89304585130513e-05,0.688695845346978
"72","LAUCHERTHAL","LAUCHERT",9.275496,48.083736,0.00167810588018975,-2.36400029315527,0.453874230384827,0.00181522692615605,-2.59230188873807,0.00438884940826991,-7.83899632079331,0.0735408067703247,0.00401404653287364,-7.03093536984176,0.00144719821016369,-1.62786924325087,0.612302660942078,0.00175230241654458,-2.1320065175216,0.00146539715161006,-1.83998674256512,0.670062780380249,0.00121512302797511,-1.32669624758362,0.000584638412794413,-0.486829470647404,0.657041668891907,0.000276550298324824,0.133008609558733
"73","NIEDERKIRCH","RISS",9.831213,48.238604,0.00227964372340592,-3.48737029010124,0.0795023441314697,0.00227756046834977,-3.50726339672756,0.00295813248371293,-4.89526738183364,0.020412802696228,0.00340287601962096,-5.69830030914878,0.0021681744295276,-3.24947674105016,0.0578153133392334,0.00214504047301975,-3.17784679189445,0.000417329893967795,0.186202779161524,0.819080352783203,0.00113644089393303,-1.22478865990419,0.00214889825654427,-3.39836379398393,0.174174189567566,0.00241900107512416,-3.91808475677646
"74","ACHSTETTEN","BAIERZER ROT",9.898501,48.260693,0.00257856112943261,-4.11379436618199,0.0112786293029785,0.00277703026465049,-4.49570544574893,0.00350588257880661,-5.93136077654691,0.0104414224624634,0.00373237710927839,-6.34669836801655,0.0013559784376255,-1.61518288471739,0.16855788230896,0.00175312080002878,-2.37017821555978,0.00194288966963452,-2.90310373405895,0.16038990020752,0.00240324057090569,-3.75026494716196,0.00296468585611093,-5.03657978074709,0.032413125038147,0.00318729260814758,-5.45647404567989
"75","HARBURG","WORNITZ",10.692384,48.783235,0.00427503613606058,-7.46326392687346,0.0543539524078369,0.00468372215961513,-8.26903968907637,0.00979990487361696,-18.3196141929464,0.00126147270202637,0.0112775742464128,-21.0572894476683,0.00383998003973163,-6.04794613937269,0.227652668952942,0.00434489710701683,-7.03556216224921,0.00145325768736468,-2.27823945987928,0.312929630279541,0.00149443904314322,-2.25823597394468,0.00175014938800876,-3.04896661997909,0.0707000494003296,0.0016072833436008,-2.69472719846772
"76","KEMPTEN","ILLER",10.316864,47.730411,-0.00145719509724939,3.86265676082296,0.0875006020069122,-0.0012971137160049,3.56697954696155,0.00141915881526241,-2.15247760059375,0.241780281066895,0.00101498440494108,-1.34640201191594,-0.00236597819213715,5.63575695434137,0.10543978959322,-0.00251993717222759,5.96537897094694,-0.00451929567881977,10.4063656544764,0.015253241173923,-0.00420118189384883,9.81255759312582,4.8521640134277e-05,0.730788652832017,0.910727024078369,0.000475894774287021,-0.0753268360747149
"77","LAUBEN","AITRACH",10.037521,47.876632,0.000998659953408382,-1.00991395886569,0.56896436214447,0.00140948381633611,-1.78932871844842,0.00386701635558155,-6.79038438903291,0.0627135038375854,0.00361658106371065,-6.18979409528471,0.000687269420867327,-0.191178140822109,0.637704730033875,0.000500524096612373,0.223181462440131,-2.36780884238627e-06,0.948483084221102,0.939226031303406,0.000267693941465053,0.501881374629736,0.00110909306846714,-1.44161803632909,0.657041668891907,0.0012205107591119,-1.62356429657956
"78","INGOLSTADT","DANUBE RIVER",11.422,48.754,0.000880081022821411,-0.763082318179316,0.515495300292969,0.00124136688950588,-1.45664428668166,0.00343491821120136,-5.96746739168212,0.0118693113327026,0.00327951836190444,-5.61061524313698,5.22726000251929e-05,0.99313251680654,0.750162482261658,0.000197866444426076,0.726959886365079,-0.000266536911327554,1.6688593362359,0.784410059452057,-0.000127192533416518,1.4308578542865,0.0012290149879041,-1.62229969451379,0.26410961151123,0.00158147003549186,-2.30498575857997
"79","DILLINGEN","DANUBE RIVER",10.50053,48.568397,0.00163257988369346,-2.26102082540427,0.194932460784912,0.00197726518757144,-2.9129838456188,0.00384204677736323,-6.74316923884916,0.00703036785125732,0.00379294637918733,-6.58212109683746,0.000656194620456439,-0.134130249335462,0.556856632232666,0.000845906461078732,-0.484844259369514,0.00103596431966733,-0.984158102450148,0.464759349822998,0.00139327152920729,-1.64523840318385,0.00156162440555434,-2.32964760977042,0.25277304649353,0.00184129187664751,-2.86757431361005
"80","BERG","DANUBE RIVER",9.731446,48.266271,0.0034428009705916,-5.80120361880853,0.0795023441314697,0.00330822854331164,-5.54694347402619,0.00656568848925881,-12.0295825513756,0.0252245664596558,0.00559843186099224,-9.98882615419839,0.00177911649678678,-2.15348804070183,0.486959099769592,0.00213400874334731,-2.7838588397587,0.00389016688317973,-6.81526221480863,0.0412894487380981,0.00400727078601465,-7.04259281112823,0.00148838335480247,-2.40893993111859,0.24540650844574,0.00145904560749317,-2.29926598457367
"81","LANDSBERG","LECH",10.875078,48.041521,-0.0012053228541542,3.365711421915,0.191860646009445,-0.000969206835286838,2.91805823261106,0.00140833192361249,-2.15220467306177,0.0489698648452759,0.00113983215953086,-1.60437896040061,-0.00159124916540127,3.9915477821156,0.163078650832176,-0.00155201047884443,3.9217162601987,-0.00501091090707121,11.3691841329968,0.00630887830629945,-0.0047039774948993,10.8306209678948,0.00125381143130394,-1.49901388707642,0.486959099769592,0.00121808648324557,-1.4332091562919
"82","EICHSTAETT","ALTMUHL",11.196753,48.888543,0.00231454072305072,-3.62680624088643,0.372131824493408,0.002613535929481,-4.17213662106086,0.00530413302148622,-9.53157846257543,0.0590089559555054,0.00588543361828958,-10.4825932052641,3.71768316909196e-05,1.476355461162,0.903618812561035,0.00103227068626577,-0.463713299653742,0.00233444258609436,-3.98801098135578,0.128418564796448,0.00179978247561966,-2.80541483208026,0.0021533697799374,-3.80355624166621,0.0338932275772095,0.00168979303423077,-2.83153152396534
"83","TREUCHTLINGEN","ALTMUHL",10.913473,48.953204,0.000464005757888298,0.0760668590011999,0.587358236312866,0.00060815745610189,-0.203482731557562,0.00387867296720472,-6.6712633486457,0.17992901802063,0.00407191739819268,-6.79926660463291,-0.00308996749022395,7.67221696554587,0.575065016746521,-0.00307111582412088,7.74219082933145,0.00154792107748799,-2.53637104521503,0.177034258842468,0.00104223851849204,-1.42387088635754,0.000854097767182585,-1.30987102063363,0.376956701278687,0.000278057125643765,-0.0910011295706314
"84","BIESSENHOFEN","WERTACH",10.640759,47.82952,0.000132309337575738,0.708717253728852,0.932092547416687,0.000286611238126637,0.43280065624768,0.00287772397482376,-4.87723240304047,0.13068699836731,0.0021755029395425,-3.44074323817705,-0.00160936062747684,4.35129656233287,0.562894821166992,-0.00169323001868818,4.53310475743006,-0.00170879335582566,4.46573378052394,0.271859228610992,-0.00130094149655262,3.6844543883056,0.00164773111983147,-2.44081332361357,0.304404735565186,0.00189907356665348,-2.90841255747285
"85","TRAUCHGAU","TRAUCHGAUER ACH",10.83,47.65,0.000316170494278199,0.360814636918835,0.826059460639954,0.000217065588999625,0.570417038764252,0.000948042571730096,-1.28652007943923,0.317250490188599,0.00056199561531232,-0.441235435750583,-0.000929759405285896,2.78803790398998,0.798231065273285,-0.000529248959742761,2.04847057439765,-0.00251472239303469,6.35147092270483,0.234641134738922,-0.00177884204415865,4.88684705728589,0.00287160388532614,-4.74686890725202,0.165801286697388,0.00258341470283741,-4.15149276435934
"86","OBERAMMERGAU","AMMER",11.06,47.6,-0.000772323976074732,2.49208390994357,0.330446481704712,-0.00117481943751232,3.32497710843211,0.00152838945855702,-2.45984997839364,0.119649410247803,0.00126425429128429,-1.87658079821987,-0.000111601543073188,1.02402782047638,0.96065354347229,-0.000364889785667821,1.54965122526019,-0.00555065639246612,12.434999372535,0.00312139000743628,-0.00624437806034144,13.887326510049,0.000593088460042395,-0.206028276421558,0.791312456130981,0.000667833384471816,-0.303548637350812
"87","HEITZENHOFEN","NAAB",11.936343,49.118264,0.00190965887054728,-2.77524304844227,0.312929630279541,0.00207416948393572,-3.10474742702472,0.00484912839054208,-8.55923331802552,0.0346547365188599,0.00535026467515458,-9.42882105142535,0.00138432959983301,-1.28221277495512,0.770656704902649,0.00128572286168157,-1.08786845678681,0.000181090728113921,0.368139936592639,0.939226031303406,0.000634635175025417,-0.490905074728873,0.00114123888392407,-1.66985144007606,0.401654958724976,0.000997859580063219,-1.34482703407076
"88","UNTERKOEBLITZ","NAAB",12.15395,49.535609,0.00208436876546592,-3.10532283508896,0.300200700759888,0.00231570746881218,-3.58275530210008,0.00569608977292929,-10.1482277944777,0.0404052734375,0.00566834871112631,-9.98969670621154,0.000178454122758989,1.17168851200261,0.917842507362366,0.000840879964847473,-0.134671154594906,0.000718416580638245,-0.828967634861091,0.840058445930481,0.000989980670303963,-1.2803077771387,0.00193151241236866,-3.31292860327473,0.201184034347534,0.00170958159651253,-2.80717139497184
"89","TEISNACH","SCHWARZER REGEN",13.000042,49.042548,0.000563685751741493,-0.118073063834333,0.492597222328186,0.000649966730353111,-0.286283461186894,0.00401727950628745,-7.02604249202594,0.0346547365188599,0.00338119527575394,-5.72554784569056,0.000326705911392278,0.705957157578458,0.770656704902649,0.000858605362889028,-0.315829867233454,-0.0016125256917696,4.09956272164265,0.486959099769592,-0.00238268338819977,5.70369571200378,0.000863167371593562,-1.07210026025266,0.689780712127686,0.000741178427545711,-0.792158779017733
"90","INKOFEN","AMPER",11.865229,48.460684,0.00231676159753854,-3.59516951510763,0.103523969650269,0.0025499585727518,-4.04634356282113,0.00447359919512962,-7.95001110039804,0.000416159629821777,0.00418904514910949,-7.37023689331391,0.00176230539163126,-2.44597225591982,0.191860675811768,0.00179415622647364,-2.49759307243482,0.000641401444396749,-0.202181237562167,0.79823112487793,0.000847567683669841,-0.575167010120732,0.00317976862587568,-5.39249468948377,0.0354307889938354,0.00334410331508617,-5.69737364114395
"91","HOHENKAMMER","GLONN",11.524145,48.422706,0.0023022411008972,-3.56125077973195,0.348585844039917,0.00222235208033836,-3.39800430139906,0.00348755953684974,-5.91344769180035,0.0810526609420776,0.00344717515615438,-5.76523088233571,0.000976500882676862,-0.806367873009071,0.503977656364441,0.00152113916024902,-1.8417663894686,0.00146976103023769,-2.01707718085506,0.624948024749756,0.0014387226325679,-1.89947595075225,0.00269881473446602,-4.60181959193098,0.135317087173462,0.0024615261583395,-4.04465421229428
"92","ROTTERSDORF","VILS",12.693803,48.606248,0.00263487733666091,-4.21595238496868,0.135317087173462,0.00279761957423356,-4.53644891443822,0.00529423198140824,-9.43407959679358,0.00465559959411621,0.00558857892076841,-9.95142393281403,0.00226871738596746,-3.33852571324259,0.241780281066895,0.00235939492828518,-3.40177003746003,0.000283461040556657,0.286464670047025,0.812115669250488,0.000748282167451928,-0.593160237770929,0.00251592550912338,-4.26022918730477,0.0810526609420776,0.00248944666778819,-4.18768956510952
"93","VILSBIBURG","VILS",12.356043,48.45296,0.00135240670612006,-1.71168583923012,0.357888221740723,0.00171846991749724,-2.40080314877955,0.00351192480229869,-5.93325435853075,0.0858510732650757,0.00385744710439374,-6.52443950024472,0.00111986574260472,-1.11302905288533,0.486959099769592,0.00129046604331839,-1.32093407338747,-0.00112631187881961,3.08765844992665,0.475788235664368,-0.000234859754498368,1.37665556107174,0.00156002941494848,-2.38860714825998,0.287821769714355,0.00195606590230406,-3.12126225058363
"94","HOFKIRCHEN","DANUBE RIVER",13.115161,48.676623,0.000101131623946334,0.78213615076662,0.974955320358276,0.00032463837362596,0.357563240181214,0.00258735686901412,-4.23806563348038,0.0459597110748291,0.00258830710961873,-4.19659771450184,-0.000770623870704819,2.68069645300301,0.791312396526337,-0.000762330306765866,2.66339279529476,-0.0013691469403656,3.76972924859377,0.287821829319,-0.00119209200681553,3.46142889155322,0.000402970211066489,0.0307482389851929,0.716400384902954,0.000629879991689182,-0.423228068031863
"95","UNTERSCHMEIEN","SCHMIECHA",9.149755,48.091695,0.00133626811236092,-1.66897568208121,0.581196427345276,0.00133123029743643,-1.63447786298782,0.00543548010479578,-9.84439099173266,0.0707000494003296,0.0043573161023992,-7.60661973406027,-0.000532488989985167,2.44402841884698,0.90361875295639,-0.000505264498747719,2.44955836161682,0.00169757528156429,-2.43411818074489,0.527148127555847,0.00118648158400725,-1.35549285103297,0.00052936450526506,-0.552125742951713,0.736595988273621,0.000226952396046669,0.104835994979496
"96","KALTENECK","ILZ",13.451856,48.688859,0.00157971191660866,-2.12920773179525,0.308647751808167,0.00161345075734309,-2.19301006783829,0.00483912796280184,-8.6298856700475,0.00991451740264893,0.00452847546285915,-7.95966276082186,0.00195116268957686,-2.38958145398123,0.56896436214447,0.00317046795531549,-4.78623449433201,-0.000789902068158137,2.37981279097565,0.812115609645844,-0.0012239697543103,3.3148533010765,2.18155376633913e-05,0.514939307972292,0.989265203475952,1.79123056808616e-05,0.594275294592141
"97","ACHLEITEN","DANUBE RIVER",13.504361,48.5824,-0.000500811565779821,1.98241620858937,0.624948024749756,-0.000352639984914582,1.69789181780775,0.00199747592957428,-3.21482048542383,0.0296182632446289,0.00200181446767709,-3.18799311416824,-0.000497984222827347,1.93121111432174,0.750162482261658,-0.000456872621019138,1.8753600586153,-0.0026331958654786,6.50106825920737,0.0181021597236395,-0.00303472891392778,7.33577075836635,3.19590336956874e-05,0.872418664205029,0.917842507362366,7.55263283896449e-05,0.778237610342241
"98","OBERNDORF","DANUBE RIVER",12.014935,48.946957,0.000667576527364067,-0.341349564721513,0.689780712127686,0.00109253090885163,-1.16209288856261,0.0034115149901089,-5.89547897619909,0.0194593667984009,0.0033679336850239,-5.75578403484364,-0.000437366619799021,2.01952988092057,0.974955320358276,-5.89150017069925e-05,1.26597255214518,-0.00060351730300762,2.28522109633609,0.64412385225296,-0.000323210750106886,1.77753599878148,0.00111027529237713,-1.40133170657049,0.391661286354065,0.00134720662416804,-1.85918869179594
"99","PFELLING","DANUBE RIVER",12.747222,48.879753,0.000482751521468175,0.0259445656139748,0.703045010566711,0.000945123240754951,-0.870373537269743,0.00333551270188858,-5.7043695142549,0.0331461429595947,0.00347139533701299,-5.9191961982891,-0.000285270099029106,1.76444548712621,0.982109487056732,-0.000166311619042774,1.53833331853592,-0.000831564890459353,2.68212743132382,0.486959099769592,-0.000491300183204221,2.0436372568231,0.000683308874644115,-0.573918497931402,0.538933873176575,0.000930433682313386,-1.06652441902514
"100","LANDAU","ISAR",12.693681,48.67375,0.000316215778727083,0.344497147627662,0.791312456130981,0.000516323895559645,-0.0217882126434,0.00153780466477806,-2.21336229052296,0.0721089839935303,0.0014767869923445,-2.07798840672708,-0.000338689649815214,1.62678553927112,0.974955320358276,-7.05966914228467e-05,1.1193042143088,-0.0011912780146416,3.52451546652965,0.334922969341278,-0.00104863761457108,3.28134821150468,0.00166386630514364,-2.33343173907387,0.0943561792373657,0.00168898905746217,-2.37394709311736
"101","MITTENWALD","ISAR",11.270803,47.443334,-0.000997988036698907,2.99944777288711,0.367345333099365,-0.00250330977331036,5.95404107552806,0.000287357319746984,-0.0197699231539034,0.538933873176575,-0.000219966734218908,1.00523772893763,-0.00036335282903509,1.39619528560178,0.805165648460388,-0.00138096658159136,3.39194596775586,-0.00469814692985695,10.9741125577413,0.104474887251854,-0.00651638368576745,14.5957875694378,-1.39673972540576e-06,1.10471438247528,0.808636903762817,-0.00185805462398061,4.74774336052674
"102","KOCHEL","LOISACH",11.362965,47.665754,7.67259961741323e-05,0.836774076971427,0.676611065864563,0.00101412953325479,-1.00697433794029,0.000737908421098373,-0.710728012226,0.24540650844574,0.00115433477898755,-1.51838621652216,7.69890298774011e-05,0.710175105605247,0.953507125377655,0.000725244962932987,-0.589076141719534,-0.000706187836218191,2.76078338638183,0.396639227867126,0.000381958738931261,0.560759229016611,0.00151049651284503,-1.91850547794704,0.308647751808167,0.00178547866552246,-2.46996257793864
"103","GARMISCH UDP","LOISACH",11.0649,47.502472,-0.000673968329217225,2.29975243817059,0.464759349822998,-0.000448135907245994,1.88685792657109,0.000507663924797973,-0.552022993328585,0.475788235664368,0.000277997756315979,-0.0588227232255643,-0.00147096926809622,3.68486151734895,0.24178022146225,-0.00133222412779935,3.40098591612637,-0.00230872353843238,6.20798211653368,0.194932505488396,-0.00251301008857701,6.66847720265135,0.00184813713211687,-2.62236314410217,0.217450141906738,0.00174718850877379,-2.41385391779279
"104","PARTENKIRCHEN","PARTNACH",11.12,47.48,0.0012950791950351,-1.57046337278628,0.459298849105835,0.00130391689450933,-1.58045666194285,0.000897268189782114,-1.33341212855415,0.210833668708801,0.000778060472969148,-1.07243050518129,-0.000609667019152888,1.83031032107263,0.453874230384827,-0.000650732223690343,1.89901764050665,0.00216322235635001,-2.56726494512003,0.509719371795654,0.00202742345446659,-2.2406535070694,0.00280327661949981,-4.42228812081852,0.0707000494003296,0.00300192821461946,-4.80711318955352
"105","BAD TOELZ","ELLBACH",11.57,47.77,-0.000474708524275598,1.930032463164,0.896518230438232,-0.000811372919275119,2.60573933579904,0.000903309228631392,-0.877875424585446,0.267965078353882,0.000274907722352953,0.360257610586565,9.83555997248236e-05,0.749853156321688,0.533024549484253,1.69502472523147e-05,0.917671487780553,-0.00222389724400188,5.47367485220106,0.174174204468727,-0.00289161044746399,6.82813834856215,-0.000116760568611183,1.2990476197688,0.96065354347229,-0.000626096742198039,2.28005438376938
"106","HUNDERSINGEN","DANUBE RIVER",9.396086,48.072465,0.00355597182543225,-6.03952448194236,0.0627135038375854,0.0037353594824165,-6.39223332311754,0.00869736723769694,-16.1866220970928,0.00803601741790771,0.00778747524229068,-14.2614957158715,0.00113412014939826,-0.760062354355069,0.663539528846741,0.00200348541275349,-2.40394604786373,0.0042516333245926,-7.61140803918994,0.0156344175338745,0.00416989934963699,-7.43301717150066,0.00128169831042502,-2.09156765056902,0.249070763587952,0.000927236055701208,-1.35513874256943
"107","KIRCHEN-HAUSEN","DANUBE RIVER",8.68,47.93,0.00358437985686911,-6.14646474201332,0.204364061355591,0.00405639934901445,-7.02761129858137,0.008085335028949,-14.8619544789847,0.0421899557113647,0.00710618130804506,-12.7691531782189,0.00505887881840457,-8.52980813596155,0.323799848556519,0.00608724609180736,-10.5890428440543,0.00227203397088098,-3.74652039879778,0.185824036598206,0.00277469860973232,-4.74429908570575,0.000323314889687015,-0.142504775679993,0.882342457771301,0.000324731684881837,-0.136431463807728
"108","WASSERBURG","INN",12.234239,48.059301,-0.000165174163005864,1.31249327896645,0.683183789253235,7.68779382086422e-07,0.998492339005094,0.00273684965316128,-4.88709377760747,2.14576721191406e-06,0.00275173275593918,-4.89206609754877,0.00144213460135826,-2.22256882337564,0.0489698648452759,0.00128518798682565,-1.89367950763889,-0.00397668352335431,9.5182613564745,0.00630887830629945,-0.0036650759123265,8.93958666574914,-0.000135109106288869,1.37243497591972,0.910727024078369,-0.000329309210033015,1.7542254921125
"109","STAUDEN","LEITZACH",11.9354,47.71,0.000332701556546984,0.322246926156798,0.729843139648438,0.000183076425984678,0.637698244005066,0.00168880558254624,-2.64844391932094,0.103523969650269,0.00142876540781182,-2.09030518500003,0.00115755598115445,-1.33500682946989,0.587358236312866,0.000997802770850264,-0.990408754144152,-0.00192971024821965,5.06118934312779,0.224214553833008,-0.00304216630801746,7.36917464702546,0.00111249808395184,-1.29910010543885,0.372131824493408,0.00137135302597315,-1.78395248326773
"110","BURGHAUSEN","SALZACH",12.834335,48.158628,4.17275156859978e-05,0.902100554628239,0.996421575546265,0.000164325827668871,0.67480444728263,0.00177242754063561,-2.93948494029739,0.00991451740264893,0.00171297491950205,-2.80768430367199,0.000421041434227587,-0.0189304485668894,0.736595988273621,0.000151549716266865,0.525864454361315,-0.00248765071689467,6.47592414303691,0.123973503708839,-0.00291369723972406,7.3529552674901,0.00146019090797007,-1.87532859122044,0.056641697883606,0.00170641329763153,-2.37599502360164
"111","STEIN","TRAUN",12.542419,47.99121,-0.000267829558703728,1.51581405338734,0.854108154773712,-0.00052679018213196,2.04252606214226,0.00218521963810601,-3.61919873847783,0.0639902353286743,0.00174297790109533,-2.69041410348312,-0.00130237723963685,3.66440104865059,0.544875860214233,-0.00153482237637327,4.17108407385362,-0.00301503921273857,7.13826222490756,0.140073001384735,-0.00399407534573207,9.14977640502844,0.0014124917537323,-1.93823140180636,0.256513714790344,0.00164588426036159,-2.38750527593854
"112","SIEGSDORF","WEISSE TRAUN",12.65,47.82,0.000759183372873294,-0.517564131703069,0.593550205230713,0.000906794166581756,-0.794551826180941,0.00246397068831735,-4.19315535649359,0.030296802520752,0.00268221349871005,-4.59167922868306,0.000468339854652166,0.137102282421729,0.784409999847412,0.00037262303926006,0.386018566943877,-0.00208909952060579,5.33141809396322,0.283773124217987,-0.00227547451653439,5.78676563833326,0.00284119811032957,-4.73399550660377,0.0185450315475464,0.00282663618586727,-4.71469296270523
"113","WERNLEITEN","ROTE TRAUN",12.65,47.83,-0.000408999795847172,1.77219952438447,0.812115609645844,-0.00103144894421134,3.04124829063742,0.00147467953725284,-2.17624603841958,0.304404735565186,0.00126465389409975,-1.69851850348564,-0.00170405903655097,4.48147201079094,0.45929878950119,-0.00219645327690007,5.51197594963719,-0.00373658717391996,8.51732475328103,0.149969160556793,-0.00430279421037705,9.68836275455173,0.000406661643857873,0.0454587228375931,0.644123792648315,0.00106987019602691,-1.24959905396011
"114","ILSANK","RAMSAUER ACHE",12.95,47.62,3.26344861055694e-06,0.986835991215517,0.791312456130981,-0.000530606384201129,2.05006524118978,0.00126862404426232,-1.89713290773019,0.152524590492249,0.000403438227513653,-0.175584952435995,-2.88238842951185e-05,0.748844513986949,0.805165648460388,-0.000622371806781436,1.93283310475551,-0.00177170881751077,5.02830204402616,0.372131764888763,-0.00240491147668371,6.33070973641942,0.000954670178954493,-0.787170696024574,0.372131824493408,0.000496328414505857,0.115926691885239
"115","UNTERJETTENBERG","SAALACH",12.822811,47.681177,-0.00123212442028366,3.42351835558268,0.185824051499367,-0.00128795124880358,3.54884280555849,0.00115245200235768,-1.78193926801617,0.16038990020752,0.000845649398887637,-1.13378122430744,-0.00078249560323534,2.56024197411348,0.624948024749756,-0.00100091434197368,2.97136310414568,-0.00487376594566963,11.1720470526681,0.0309886690229177,-0.00569825379596431,12.8534236766031,0.000567339665650486,-0.208777386298404,0.339438438415527,0.000706992227170223,-0.500476010428288
"116","STAUDACH","TIROLER ACHEN",12.48,47.78,0.00101380195262585,-1.03247004493632,0.348585844039917,0.000842953614505944,-0.668203328806299,0.0017103984743819,-2.78766784770303,0.0764741897583008,0.00161101379624081,-2.55724843387089,0.000784960393523863,-0.474489978772255,0.70971155166626,0.000463211766254006,0.159941106215304,-0.00121396200342127,3.68885340379012,0.443134248256683,-0.00174157341952628,4.82493931888934,0.00331586681708355,-5.64757333190258,0.00684332847595215,0.00302568855067742,-5.07330009462027
"117","PASSAU INGLING","INN",13.444127,48.561499,0.000335137971764569,0.323474985296495,0.676611065864563,0.000267419923481947,0.470788564527524,0.00298123244206045,-5.29099854860262,5.74588775634766e-05,0.00297801041867147,-5.25492863692609,0.00163858995694245,-2.45335123671562,0.109355807304382,0.0014167185210967,-2.00636893609055,-0.00355597881811962,8.53914017885457,0.0194593444466591,-0.00379164100387295,9.03930736204624,0.000597377611912498,-0.147608827979893,0.437819242477417,0.000502384384050898,0.0301019840384328
"118","HOHENSAATEN-FINOW","ODER RIVER",14.142113,52.872891,1.58803175255983e-05,0.93118044040283,0.96065354347229,0.000511485362444112,-0.0121839155033831,0.000492830038327973,-0.0781821423878203,0.515495300292969,0.000932091330777411,-0.877904362281944,-0.000584783159448163,2.48717835936963,0.90361875295639,-0.000304892989608171,1.97092807843517,-0.00086794707787275,2.57715191331909,0.618611216545105,-1.89908547691925e-05,0.973774362552879,0.000861331612385063,-1.02138046129363,0.805165648460388,0.00141149576197753,-2.0537240814079
"119","EISENHUETTENSTADT","ODER RIVER",14.688,52.153,-0.00103491419071225,3.03231147693842,0.696401298046112,-0.000775395345217767,2.53454617560993,-0.000517143318333662,1.86000652831327,0.96065354347229,-0.000779575154263271,2.48446123978043,-0.00205663315055301,5.40680307526436,0.406708836555481,-0.00170670631382385,4.72220350233554,-0.00197742626586948,4.78291526795644,0.339438438415527,-0.0012945990987014,3.54161774061112,0.000153702081266235,0.348892125897355,0.982109487056732,0.000648879887618046,-0.537421101593994
"120","GOERLITZ","NEISSE RIVER",14.993192,51.16116,0.00113056304789112,-1.27073379637669,0.750141382217407,0.00355995603395748,-6.0451112041869,0.00619604175088085,-11.3375714088377,0.103493809700012,0.00627219001635921,-11.4083559645977,0.0025279413605115,-3.63211802709751,0.61858057975769,0.00508370478693972,-8.69242103940976,-0.00241108942340949,5.58003449695842,0.743347644805908,-0.000624957308313378,2.16346595511066,0.00127961752767309,-1.96276449816188,0.723087906837463,0.00354368843062376,-6.30903101488648
